BEGIN;
INSERT INTO student (id, fa_account, recer, address, area, dob, email, full_name, gender, gpa, graduated_date, join_date, major, phone, school, status, type)
VALUES ('02b56502-dda2-4a79-9a7e-8d0ac488a2ab', 'katherine62', 'Vo Son Quach', 'Ba Tri', 'Ben Tre', '2003-02-23', 'LyCL@random.email', 'Le Cao Ly', 'Female', '2.94', '2022-05-22', '2020-06-13', 'Computer Science', '902.700.0826x72571', 'DUT', 'Active', 'Transfer');
INSERT INTO student (id, fa_account, recer, address, area, dob, email, full_name, gender, gpa, graduated_date, join_date, major, phone, school, status, type)
VALUES ('120f6fc6-d254-432e-8fdc-34ef4a0b165b', 'emma01', 'Ngo Lam An', 'Lam Ha', 'Da Lat', '2001-09-13', 'ThanhST@random.email', 'Tran Son Thanh', 'Female', '2.4', '2024-02-13', '2020-05-04', 'Information Technology Management', '(226)390-9128x30735', 'DUT', 'Inactive', 'Transfer');
INSERT INTO student (id, fa_account, recer, address, area, dob, email, full_name, gender, gpa, graduated_date, join_date, major, phone, school, status, type)
VALUES ('654cf8ce-ace7-4130-917b-98dc8edcadad', 'sochoa', 'Vo Xuan Hoa', 'Can Gio', 'Ho Chi Minh City', '2001-05-25', 'ChuSN@random.email', 'Nguyen Son Chu', 'Female', '2.85', '2026-03-25', '2021-05-01', 'Digital Forensics', '(955)867-4368', 'PTIT', 'Active', 'Transfer');
INSERT INTO student (id, fa_account, recer, address, area, dob, email, full_name, gender, gpa, graduated_date, join_date, major, phone, school, status, type)
VALUES ('165367f4-ff65-4550-a65c-64169f6729c9', 'charleswilson', 'Vo Nhat Tuan', 'Lam Ha', 'Da Lat', '1999-07-17', 'ThaoDL@random.email', 'Le Duc Thao', 'Female', '2.83', '2024-01-23', '2020-12-11', 'Data Science', '+1-920-450-1294x206', 'HCMUS', 'Active', 'Regular');
INSERT INTO student (id, fa_account, recer, address, area, dob, email, full_name, gender, gpa, graduated_date, join_date, major, phone, school, status, type)
VALUES ('703ff1b6-16af-4618-9e8f-136e66458a7d', 'singletondana', 'Vo Quan Mai', 'Hoai Duc', 'Hanoi', '1999-02-09', 'YenQH@random.email', 'Hoang Quan Yen', 'Female', '3.31', '2024-12-10', '2020-07-28', 'Computer Engineering', '5182729535', 'UIT', 'Inactive', 'Transfer');
INSERT INTO student (id, fa_account, recer, address, area, dob, email, full_name, gender, gpa, graduated_date, join_date, major, phone, school, status, type)
VALUES ('d1fc5f7e-8c54-4015-9ed8-81f3eb53161d', 'jonesabigail', 'Le Son Ngo', 'Binh Chanh', 'Ben Tre', '2001-01-02', 'BuiML@random.email', 'Le Mai Bui', 'Male', '2.68', '2025-09-02', '2020-12-09', 'Network Engineering', '001-630-454-4960x686', 'CTU', 'Inactive', 'Transfer');
INSERT INTO student (id, fa_account, recer, address, area, dob, email, full_name, gender, gpa, graduated_date, join_date, major, phone, school, status, type)
VALUES ('da3f121a-68ba-4c08-9012-2b24b80b538a', 'linda84', 'Nguyen Hai Minh', 'Nam Ban', 'Da Lat', '2000-02-28', 'TangHT@random.email', 'Tran Hai Tang', 'Male', '3.44', '2023-08-11', '2020-11-02', 'Cloud Computing', '479.995.5342', 'HUS', 'Inactive', 'Regular');
INSERT INTO student (id, fa_account, recer, address, area, dob, email, full_name, gender, gpa, graduated_date, join_date, major, phone, school, status, type)
VALUES ('722ed8c1-b07f-4557-bfcd-e0c80f0f9a2b', 'leblancelizabeth', 'Tran Khanh Thanh', 'Nam Can', 'Phu Quoc', '2002-07-10', 'VuDL@random.email', 'Le Duc Vu', 'Male', '2.25', '2024-01-16', '2021-10-18', 'Data Science', '275.250.8990x03345', 'VNU-Hanoi', 'Inactive', 'Transfer');
INSERT INTO student (id, fa_account, recer, address, area, dob, email, full_name, gender, gpa, graduated_date, join_date, major, phone, school, status, type)
VALUES ('5e9a9798-fb5b-4b28-9a4d-0573a7a971dc', 'matthew19', 'Hoang Lam Huynh', 'District 5', 'Ho Chi Minh City', '2002-12-10', 'KhoaSH@random.email', 'Hoang Son Khoa', 'Male', '2.19', '2025-09-09', '2022-01-05', 'Software Engineering', '001-391-740-5996', 'VNU-UET', 'Active', 'Transfer');
INSERT INTO student (id, fa_account, recer, address, area, dob, email, full_name, gender, gpa, graduated_date, join_date, major, phone, school, status, type)
VALUES ('2d1d9437-e154-44e4-828a-5d478949e80a', 'dhancock', 'Nguyen Son Vu', 'Phu Xuyen', 'Hanoi', '2002-04-21', 'BuiBN@random.email', 'Ngo Bao Bui', 'Male', '2.32', '2025-12-21', '2021-01-31', 'Cybersecurity', '885-510-0872x335', 'PTIT', 'Inactive', 'Regular');
INSERT INTO student (id, fa_account, recer, address, area, dob, email, full_name, gender, gpa, graduated_date, join_date, major, phone, school, status, type)
VALUES ('bc4c0c3d-a3cc-4002-98a9-331021a3436c', 'brandonconley', 'Vo Lam Vui', 'Da Teh', 'Da Lat', '2002-04-11', 'VuiLB@random.email', 'Bui Lam Vui', 'Female', '2.76', '2023-07-09', '2020-10-31', 'Artificial Intelligence', '765-631-2564x887', 'VNU-UET', 'Active', 'Transfer');
INSERT INTO student (id, fa_account, recer, address, area, dob, email, full_name, gender, gpa, graduated_date, join_date, major, phone, school, status, type)
VALUES ('577e4956-d6c1-4134-9873-c8fdc76fdbd4', 'parsonsryan', 'Nguyen Hai To', 'Chau Thanh', 'Phu Quoc', '2004-05-15', 'KhanhBP@random.email', 'Pham Bao Khanh', 'Male', '3.76', '2024-04-26', '2021-05-25', 'Network Engineering', '(562)321-3634x50722', 'CTU', 'Active', 'Regular');
INSERT INTO student (id, fa_account, recer, address, area, dob, email, full_name, gender, gpa, graduated_date, join_date, major, phone, school, status, type)
VALUES ('c04e7911-d7c6-4045-b70d-c3f28181c602', 'allenshane', 'Ngo Hai Huynh', 'District 1', 'Ho Chi Minh City', '2000-05-12', 'LinhXT@random.email', 'Tran Xuan Linh', 'Female', '3.4', '2022-12-04', '2021-06-28', 'Cybersecurity', '+1-716-954-9988x1431', 'VNU-UET', 'Inactive', 'Regular');
INSERT INTO student (id, fa_account, recer, address, area, dob, email, full_name, gender, gpa, graduated_date, join_date, major, phone, school, status, type)
VALUES ('2c873428-a5f4-480e-81a9-17ff6bb31303', 'scott97', 'Hoang Mai Quach', 'Cho Gao', 'Can Tho', '1999-08-24', 'LuuTB@random.email', 'Bui Trang Luu', 'Female', '2.47', '2023-06-10', '2021-10-14', 'IT Project Management', '305-792-4744', 'UIT', 'Active', 'Transfer');
INSERT INTO student (id, fa_account, recer, address, area, dob, email, full_name, gender, gpa, graduated_date, join_date, major, phone, school, status, type)
VALUES ('1c8425fd-ef42-46b8-a2a4-273a5d144d97', 'laceywilliamson', 'Ngo An Tuan', 'Giong Trom', 'Can Tho', '1998-12-08', 'VuiCT@random.email', 'Tran Cao Vui', 'Female', '3.43', '2024-09-30', '2020-09-17', 'Information Systems', '001-501-855-2072x84127', 'HCMUT', 'Inactive', 'Transfer');
INSERT INTO student (id, fa_account, recer, address, area, dob, email, full_name, gender, gpa, graduated_date, join_date, major, phone, school, status, type)
VALUES ('a543530b-82a4-433a-8ad9-0f5a9ddb9dfa', 'barkerelizabeth', 'Pham Hai Hieu', 'Hoc Mon', 'Ben Tre', '2005-07-05', 'TuanLT@random.email', 'Tran Lam Tuan', 'Male', '2.81', '2024-03-26', '2021-03-29', 'Data Science', '980.441.0915x74546', 'HUST', 'Active', 'Regular');
INSERT INTO student (id, fa_account, recer, address, area, dob, email, full_name, gender, gpa, graduated_date, join_date, major, phone, school, status, type)
VALUES ('a08f8e4a-a17b-4fa7-80e1-ce6f025e705b', 'williambrewer', 'Vo Giang Ha', 'Loc Bao', 'Da Lat', '2001-06-26', 'PhanCB@random.email', 'Bui Cao Phan', 'Male', '2.83', '2023-07-02', '2021-03-08', 'Database Management', '(699)634-6124x0920', 'VNU-UET', 'Active', 'Transfer');
INSERT INTO student (id, fa_account, recer, address, area, dob, email, full_name, gender, gpa, graduated_date, join_date, major, phone, school, status, type)
VALUES ('d697bda3-0161-4fc7-a2cf-59991fac9d3c', 'brandon49', 'Hoang Bao Thao', 'Lac Duong', 'Da Lat', '2002-12-29', 'HaCP@random.email', 'Pham Cao Ha', 'Female', '3.6', '2022-11-23', '2022-03-06', 'Web Development', '(231)342-8895x3544', 'UIT', 'Inactive', 'Regular');
INSERT INTO student (id, fa_account, recer, address, area, dob, email, full_name, gender, gpa, graduated_date, join_date, major, phone, school, status, type)
VALUES ('88dc7843-8bc3-4962-91e3-28ae532e6754', 'gmartinez', 'Ngo Bao Hoa', 'Tan Binh', 'Ho Chi Minh City', '2004-01-21', 'HoaGN@random.email', 'Ngo Giang Hoa', 'Female', '3.57', '2024-09-21', '2020-10-20', 'Database Management', '611.795.3620x71135', 'HCMUT', 'Active', 'Regular');
INSERT INTO student (id, fa_account, recer, address, area, dob, email, full_name, gender, gpa, graduated_date, join_date, major, phone, school, status, type)
VALUES ('e8c8cf28-47d6-49dc-b814-8d6b6c733ec0', 'ohenderson', 'Le Giang Ngo', 'Cai Lay', 'Can Tho', '2005-06-08', 'ToTN@random.email', 'Nguyen Trang To', 'Female', '3.76', '2024-10-21', '2021-11-22', 'Computer Science', '(568)792-0937', 'HCMUT', 'Inactive', 'Regular');
INSERT INTO student (id, fa_account, recer, address, area, dob, email, full_name, gender, gpa, graduated_date, join_date, major, phone, school, status, type)
VALUES ('9754c412-d43b-419a-8f30-19079db8ac42', 'pmitchell', 'Tran Nhat Duong', 'Lac Duong', 'Da Lat', '1998-04-12', 'MinhHV@random.email', 'Vo Hai Minh', 'Male', '2.51', '2026-01-03', '2020-08-01', 'Computer Science', '812-938-3325x8303', 'VNU-Hanoi', 'Active', 'Transfer');
INSERT INTO student (id, fa_account, recer, address, area, dob, email, full_name, gender, gpa, graduated_date, join_date, major, phone, school, status, type)
VALUES ('fda00fff-75fc-4cff-bf62-97b8fdccecc6', 'kimberlywilson', 'Vo Cao Chu', 'Giong Rieng', 'Phu Quoc', '2004-08-17', 'VinhGV@random.email', 'Vo Giang Vinh', 'Male', '2.15', '2023-10-21', '2020-06-08', 'Mobile Application Development', '4837073854', 'VNU-UET', 'Inactive', 'Regular');
INSERT INTO student (id, fa_account, recer, address, area, dob, email, full_name, gender, gpa, graduated_date, join_date, major, phone, school, status, type)
VALUES ('09cad1db-3d7f-423e-9cea-b23b229b9114', 'fritzsusan', 'Ngo Trang Vinh', 'Tan Phu Dong', 'Can Tho', '1999-09-12', 'TanKB@random.email', 'Bui Khanh Tan', 'Male', '2.34', '2023-03-22', '2020-12-23', 'Software Engineering', '6216608448', 'VNU-Hanoi', 'Inactive', 'Regular');
INSERT INTO student (id, fa_account, recer, address, area, dob, email, full_name, gender, gpa, graduated_date, join_date, major, phone, school, status, type)
VALUES ('a98f87b8-b07a-4de8-9afa-cb6feb3f893f', 'penaamber', 'Vo Duc Khoa', 'Ba Tri', 'Ben Tre', '1998-11-21', 'DoBB@random.email', 'Bui Bao Do', 'Male', '2.34', '2023-08-02', '2021-03-23', 'Computer Science', '+1-727-639-4660', 'PTIT', 'Active', 'Regular');
INSERT INTO student (id, fa_account, recer, address, area, dob, email, full_name, gender, gpa, graduated_date, join_date, major, phone, school, status, type)
VALUES ('bcef5e23-8a9a-4f3f-b11c-172ef853b0e2', 'oconnorderrick', 'Le Cao Ly', 'Bao Lam', 'Da Lat', '2002-01-16', 'TonCB@random.email', 'Bui Cao Ton', 'Female', '2.3', '2025-04-11', '2020-05-20', 'Artificial Intelligence', '9716690325', 'VNU-Hanoi', 'Active', 'Transfer');
INSERT INTO student (id, fa_account, recer, address, area, dob, email, full_name, gender, gpa, graduated_date, join_date, major, phone, school, status, type)
VALUES ('0334f8cc-c52d-493b-831b-a9c5c77d9168', 'amberrodriguez', 'Tran Khanh Khoa', 'Cho Gao', 'Can Tho', '2004-01-05', 'NgoMP@random.email', 'Pham Mai Ngo', 'Male', '3.51', '2022-07-25', '2022-01-10', 'Software Engineering', '(698)504-1755', 'HUS', 'Inactive', 'Transfer');
INSERT INTO student (id, fa_account, recer, address, area, dob, email, full_name, gender, gpa, graduated_date, join_date, major, phone, school, status, type)
VALUES ('a84f5ff3-da8a-428f-95de-bfc0868254ba', 'williamsdebra', 'Nguyen Trang Vui', 'Bao Loc', 'Da Lat', '2004-10-05', 'HoaHN@random.email', 'Ngo Hai Hoa', 'Female', '2.53', '2025-06-29', '2020-10-08', 'Software Engineering', '8737038504', 'DUT', 'Inactive', 'Transfer');
INSERT INTO student (id, fa_account, recer, address, area, dob, email, full_name, gender, gpa, graduated_date, join_date, major, phone, school, status, type)
VALUES ('27d2a7af-f1a7-451a-abae-5894590ac57a', 'kimberly14', 'Bui Mai Yen', 'Hoc Mon', 'Ben Tre', '2000-10-31', 'TuanNV@random.email', 'Vo Nhat Tuan', 'Male', '2.37', '2024-01-25', '2020-11-08', 'Web Development', '759.458.3587x287', 'CTU', 'Inactive', 'Regular');
INSERT INTO student (id, fa_account, recer, address, area, dob, email, full_name, gender, gpa, graduated_date, join_date, major, phone, school, status, type)
VALUES ('4039116c-d2fd-4051-8295-7998059bc1a0', 'armstrongmichelle', 'Hoang Xuan Tang', 'Chau Thanh', 'Can Tho', '2004-10-03', 'PhanBN@random.email', 'Ngo Bao Phan', 'Male', '2.6', '2024-02-08', '2020-07-10', 'Software Engineering', '812.461.3107x651', 'DUT', 'Inactive', 'Transfer');
INSERT INTO student (id, fa_account, recer, address, area, dob, email, full_name, gender, gpa, graduated_date, join_date, major, phone, school, status, type)
VALUES ('b55bbf56-322f-4a2e-a7c6-90cb6447f45a', 'reginaldosborne', 'Le Cao Luu', 'Chau Thanh', 'Phu Quoc', '1998-09-18', 'BuiNT@random.email', 'Tran Nhat Bui', 'Male', '3.03', '2025-08-07', '2021-06-26', 'Data Science', '416.310.4494', 'HCMUS', 'Active', 'Regular');
INSERT INTO student (id, fa_account, recer, address, area, dob, email, full_name, gender, gpa, graduated_date, join_date, major, phone, school, status, type)
VALUES ('c0390216-2556-477c-8367-00beaa830c63', 'darrell86', 'Nguyen Giang Bui', 'Cai Lay', 'Can Tho', '2004-08-01', 'QuachMP@random.email', 'Pham Mai Quach', 'Female', '2.22', '2022-10-21', '2020-10-06', 'Information Technology Management', '321.840.4865', 'HCMUT', 'Active', 'Transfer');
INSERT INTO student (id, fa_account, recer, address, area, dob, email, full_name, gender, gpa, graduated_date, join_date, major, phone, school, status, type)
VALUES ('6a41b6ed-796a-448a-a8d2-6bc4b72ad9be', 'dkelly', 'Hoang Xuan Ly', 'Mo Cay', 'Ben Tre', '2001-04-11', 'AnSN@random.email', 'Nguyen Son An', 'Female', '3.06', '2022-07-07', '2021-11-14', 'Database Management', '588.673.5118', 'HUST', 'Active', 'Regular');
INSERT INTO student (id, fa_account, recer, address, area, dob, email, full_name, gender, gpa, graduated_date, join_date, major, phone, school, status, type)
VALUES ('a47ac12e-fc65-4d44-9729-c3389c1ca59b', 'nwalker', 'Ngo Lam Ly', 'Da Teh', 'Da Lat', '2006-01-21', 'HienMV@random.email', 'Vo Mai Hien', 'Female', '3.2', '2025-11-09', '2020-09-25', 'Information Systems', '764.602.1814x4655', 'UIT', 'Inactive', 'Regular');
INSERT INTO student (id, fa_account, recer, address, area, dob, email, full_name, gender, gpa, graduated_date, join_date, major, phone, school, status, type)
VALUES ('4479badb-de18-4316-a529-996bf567518e', 'jeffbrown', 'Vo Hai Duong', 'Thanh Phu', 'Ben Tre', '1999-11-13', 'LyML@random.email', 'Le Mai Ly', 'Female', '3.66', '2022-09-06', '2021-07-06', 'Digital Forensics', '(330)881-4571x54377', 'PTIT', 'Inactive', 'Transfer');
INSERT INTO student (id, fa_account, recer, address, area, dob, email, full_name, gender, gpa, graduated_date, join_date, major, phone, school, status, type)
VALUES ('9cb1bbdd-6a1f-4d09-bf75-bcf75a264eda', 'whiteheaddaniel', 'Nguyen Giang Khoa', 'Bao Lam', 'Da Lat', '2005-03-06', 'ThaoXN@random.email', 'Nguyen Xuan Thao', 'Female', '3.95', '2022-07-26', '2020-11-23', 'IT Project Management', '(725)520-1588x4156', 'PTIT', 'Inactive', 'Transfer');
INSERT INTO student (id, fa_account, recer, address, area, dob, email, full_name, gender, gpa, graduated_date, join_date, major, phone, school, status, type)
VALUES ('4bd2ece6-264c-44af-bbe7-876068a52fad', 'medinajoshua', 'Vo Nhat Ngo', 'Phuc Tho', 'Hanoi', '2002-11-21', 'HuynhDH@random.email', 'Hoang Duc Huynh', 'Male', '3.98', '2025-05-17', '2021-03-31', 'Database Management', '001-735-558-7043x021', 'VNU-Hanoi', 'Active', 'Transfer');
INSERT INTO student (id, fa_account, recer, address, area, dob, email, full_name, gender, gpa, graduated_date, join_date, major, phone, school, status, type)
VALUES ('6a458c89-7b9c-44ae-ad76-3897515e98c4', 'matthewkim', 'Ngo Mai Linh', 'Ha Dong', 'Hanoi', '2000-05-25', 'KhanhMP@random.email', 'Pham Mai Khanh', 'Male', '3.11', '2023-09-15', '2021-08-20', 'Information Technology Management', '(586)555-8476', 'HUST', 'Inactive', 'Transfer');
INSERT INTO student (id, fa_account, recer, address, area, dob, email, full_name, gender, gpa, graduated_date, join_date, major, phone, school, status, type)
VALUES ('fa8ae960-cd19-49bc-af65-8c57013cf88e', 'johnsondominique', 'Tran Hai Khoa', 'Tan Phuoc', 'Can Tho', '2001-10-03', 'AnKH@random.email', 'Hoang Khanh An', 'Female', '3.36', '2024-11-22', '2020-06-28', 'Web Development', '808.534.2053x8902', 'HUS', 'Inactive', 'Regular');
INSERT INTO student (id, fa_account, recer, address, area, dob, email, full_name, gender, gpa, graduated_date, join_date, major, phone, school, status, type)
VALUES ('be230470-fc0d-4130-b42f-0b0f2807a9af', 'gravesjeffrey', 'Ngo Quan Ha', 'Cat Tien', 'Da Lat', '2000-02-17', 'ChuST@random.email', 'Tran Son Chu', 'Female', '3.26', '2025-02-28', '2021-07-09', 'Software Engineering', '838.396.7582', 'DUT', 'Inactive', 'Regular');
INSERT INTO student (id, fa_account, recer, address, area, dob, email, full_name, gender, gpa, graduated_date, join_date, major, phone, school, status, type)
VALUES ('8ae464eb-2726-4fab-9bbb-dcca7b6425ea', 'mortonstephanie', 'Nguyen Cao Ngo', 'Nha Be', 'Ho Chi Minh City', '2006-02-18', 'HoangMN@random.email', 'Ngo Mai Hoang', 'Male', '3.48', '2025-06-27', '2022-01-14', 'Cloud Computing', '+1-378-443-8770x30778', 'UIT', 'Active', 'Transfer');
INSERT INTO student (id, fa_account, recer, address, area, dob, email, full_name, gender, gpa, graduated_date, join_date, major, phone, school, status, type)
VALUES ('9f5d46fe-2eb4-4d1b-a96b-e8e58c84ae04', 'sanchezstephen', 'Ngo Nhat To', 'Thu Duc', 'Ho Chi Minh City', '2003-09-14', 'ToNH@random.email', 'Hoang Nhat To', 'Female', '2.09', '2024-02-01', '2020-09-16', 'Computer Science', '572.943.7239x864', 'HCMUT', 'Inactive', 'Transfer');
INSERT INTO student (id, fa_account, recer, address, area, dob, email, full_name, gender, gpa, graduated_date, join_date, major, phone, school, status, type)
VALUES ('07f56d6a-8853-491b-b3e8-f1c3ca76ea52', 'thomas53', 'Pham Xuan Ha', 'Hai Ba Trung', 'Hanoi', '1998-12-29', 'VoNP@random.email', 'Pham Nhat Vo', 'Female', '2.16', '2022-07-25', '2020-11-23', 'Computer Science', '(282)535-0473', 'PTIT', 'Inactive', 'Regular');
INSERT INTO student (id, fa_account, recer, address, area, dob, email, full_name, gender, gpa, graduated_date, join_date, major, phone, school, status, type)
VALUES ('10f2ea0b-4ff0-4fb2-9928-51ff42727849', 'sbrown', 'Nguyen Khanh Phung', 'District 12', 'Ho Chi Minh City', '2004-11-03', 'HuynhBP@random.email', 'Pham Bao Huynh', 'Male', '3.79', '2025-06-14', '2020-06-01', 'Data Science', '001-520-219-0763', 'VNU-UET', 'Inactive', 'Transfer');
INSERT INTO student (id, fa_account, recer, address, area, dob, email, full_name, gender, gpa, graduated_date, join_date, major, phone, school, status, type)
VALUES ('c5542f8a-e829-4205-8ac4-eb61ea7da4af', 'michael29', 'Ngo An Hoa', 'Tay Ho', 'Hanoi', '1998-12-30', 'LuuKP@random.email', 'Pham Khanh Luu', 'Female', '3.35', '2025-04-24', '2021-07-29', 'IT Project Management', '(806)773-2907x856', 'HCMUT', 'Inactive', 'Transfer');
INSERT INTO student (id, fa_account, recer, address, area, dob, email, full_name, gender, gpa, graduated_date, join_date, major, phone, school, status, type)
VALUES ('f8abd039-c75d-4433-b46d-04bf8002390f', 'ljames', 'Bui Giang Phung', 'Chau Thanh', 'Ben Tre', '2005-03-03', 'QuachQB@random.email', 'Bui Quan Quach', 'Female', '3.38', '2024-01-15', '2020-08-18', 'Artificial Intelligence', '(216)518-2917', 'CTU', 'Active', 'Regular');
INSERT INTO student (id, fa_account, recer, address, area, dob, email, full_name, gender, gpa, graduated_date, join_date, major, phone, school, status, type)
VALUES ('b9dd4935-ab52-4015-99bf-b7a035aaa821', 'morrisonshannon', 'Hoang Mai Vu', 'Cau Giay', 'Hanoi', '2001-11-26', 'LyNL@random.email', 'Le Nhat Ly', 'Female', '2.65', '2025-11-22', '2020-11-23', 'Digital Forensics', '+1-740-499-6585x66974', 'HCMUS', 'Active', 'Transfer');
INSERT INTO student (id, fa_account, recer, address, area, dob, email, full_name, gender, gpa, graduated_date, join_date, major, phone, school, status, type)
VALUES ('39ff25d9-f835-4782-b8b4-783be5a8cead', 'glenn99', 'Le Hai Vinh', 'Mo Cay', 'Ben Tre', '2000-01-28', 'BuiMP@random.email', 'Pham Mai Bui', 'Male', '2.41', '2024-12-11', '2020-07-07', 'Web Development', '909-590-8773', 'PTIT', 'Inactive', 'Transfer');
INSERT INTO student (id, fa_account, recer, address, area, dob, email, full_name, gender, gpa, graduated_date, join_date, major, phone, school, status, type)
VALUES ('7187f206-b6e9-4e54-8372-c667342845ab', 'tinadavis', 'Vo Mai Duong', 'Chau Thanh', 'Can Tho', '2001-06-10', 'TanBN@random.email', 'Ngo Bao Tan', 'Male', '3.25', '2022-06-01', '2020-04-19', 'Web Development', '600.725.5500x325', 'VNU-Hanoi', 'Active', 'Transfer');
INSERT INTO student (id, fa_account, recer, address, area, dob, email, full_name, gender, gpa, graduated_date, join_date, major, phone, school, status, type)
VALUES ('40b0159b-8c76-454b-8f99-60a54455cb9f', 'trevor63', 'Vo Quan Hoa', 'Mui Ca Mau', 'Phu Quoc', '1998-10-25', 'MinhXN@random.email', 'Ngo Xuan Minh', 'Male', '2.86', '2026-02-15', '2020-05-19', 'Network Engineering', '(732)395-9740x9614', 'HCMUS', 'Active', 'Transfer');
INSERT INTO student (id, fa_account, recer, address, area, dob, email, full_name, gender, gpa, graduated_date, join_date, major, phone, school, status, type)
VALUES ('b52a7bef-3343-48f0-a31a-2ddc58d770f2', 'peterlloyd', 'Vo An Khoa', 'Phu Nhuan', 'Ho Chi Minh City', '2004-03-05', 'DangBN@random.email', 'Ngo Bao Dang', 'Male', '2.81', '2023-10-19', '2020-11-05', 'Web Development', '3263036230', 'HCMUT', 'Inactive', 'Regular');
INSERT INTO training_program(id,code,create_date,duration,name)
VALUES ('0','Java_Beginner','2024-04-01','3 month','Java Beginner');
INSERT INTO training_program(id,code,create_date,duration,name)
VALUES ('1','Java_Advanced','2024-04-01','3 month','Java Advanced');
INSERT INTO training_program(id,code,create_date,duration,name)
VALUES ('2','Java_Intermediate','2024-04-01','3 month','Java Intermediate');
INSERT INTO training_program(id,code,create_date,duration,name)
VALUES ('3','NET_Beginner','2024-04-01','3 month','NET Beginner');
INSERT INTO training_program(id,code,create_date,duration,name)
VALUES ('4','NET_Advanced','2024-04-01','3 month','NET Advanced');
INSERT INTO training_program(id,code,create_date,duration,name)
VALUES ('5','NET_Intermediate','2024-04-01','3 month','NET Intermediate');
INSERT INTO training_program(id,code,create_date,duration,name)
VALUES ('6','Linux_Beginner','2024-04-01','3 month','Linux Beginner');
INSERT INTO training_program(id,code,create_date,duration,name)
VALUES ('7','Linux_Advanced','2024-04-01','3 month','Linux Advanced');
INSERT INTO training_program(id,code,create_date,duration,name)
VALUES ('8','Linux_Intermediate','2024-04-01','3 month','Linux Intermediate');
INSERT INTO training_program(id,code,create_date,duration,name)
VALUES ('9','DevOps_Beginner','2024-04-01','3 month','DevOps Beginner');
INSERT INTO training_program(id,code,create_date,duration,name)
VALUES ('10','DevOps_Advanced','2024-04-01','3 month','DevOps Advanced');
INSERT INTO training_program(id,code,create_date,duration,name)
VALUES ('11','DevOps_Intermediate','2024-04-01','3 month','DevOps Intermediate');
INSERT INTO class (id, class_name, start_date, end_date, create_date, duration, location, status,training_program_id)
VALUES ('CT24_FR_NET_0', 'CT24 FR NET 0', '2023-12-26', '2024-02-20', '2023-09-12', '4 months', 'CT', 'Complete', '4');
INSERT INTO class (id, class_name, start_date, end_date, create_date, duration, location, status,training_program_id)
VALUES ('CT25_IN_DevOps_0', 'CT25 IN DevOps 0', '2023-12-24', '2024-02-14', '2023-10-17', '3 months', 'CT', 'Complete', '10');
INSERT INTO class (id, class_name, start_date, end_date, create_date, duration, location, status,training_program_id)
VALUES ('HCM22_FR_Java_0', 'HCM22 FR Java 0', '2024-03-02', '2024-04-22', '2023-06-04', '4 months', 'HCM', 'Active', '2');
INSERT INTO class (id, class_name, start_date, end_date, create_date, duration, location, status,training_program_id)
VALUES ('HL23_IN_DevOps_0', 'HL23 IN DevOps 0', '2024-02-19', '2024-04-10', '2023-05-09', '3 months', 'HL', 'Active', '9');
INSERT INTO class (id, class_name, start_date, end_date, create_date, duration, location, status,training_program_id)
VALUES ('DN23_IN_Java_0', 'DN23 IN Java 0', '2024-06-01', '2024-07-27', '2023-08-25', '4 months', 'DN', 'Planning', '0');
INSERT INTO class (id, class_name, start_date, end_date, create_date, duration, location, status,training_program_id)
VALUES ('HL23_FR_Linux_0', 'HL23 FR Linux 0', '2023-12-24', '2024-02-18', '2024-02-06', '4 months', 'HL', 'Inactive', '6');
INSERT INTO class (id, class_name, start_date, end_date, create_date, duration, location, status,training_program_id)
VALUES ('HCM25_FR_DevOps_0', 'HCM25 FR DevOps 0', '2023-12-29', '2024-02-26', '2023-06-19', '4 months', 'HCM', 'Inactive', '10');
INSERT INTO class (id, class_name, start_date, end_date, create_date, duration, location, status,training_program_id)
VALUES ('HCM24_FR_Linux_0', 'HCM24 FR Linux 0', '2024-05-29', '2024-07-28', '2023-04-25', '4 months', 'HCM', 'Planning', '7');
INSERT INTO class (id, class_name, start_date, end_date, create_date, duration, location, status,training_program_id)
VALUES ('DN23_FR_DevOps_0', 'DN23 FR DevOps 0', '2024-07-07', '2024-08-29', '2023-04-13', '4 months', 'DN', 'Planning', '11');
INSERT INTO class (id, class_name, start_date, end_date, create_date, duration, location, status,training_program_id)
VALUES ('CT24_IN_Java_0', 'CT24 IN Java 0', '2024-02-05', '2024-04-03', '2023-04-11', '4 months', 'CT', 'Active', '1');
INSERT INTO class (id, class_name, start_date, end_date, create_date, duration, location, status,training_program_id)
VALUES ('CT23_IN_DevOps_0', 'CT23 IN DevOps 0', '2024-06-11', '2024-08-02', '2023-08-07', '3 months', 'CT', 'Planning', '10');
INSERT INTO class (id, class_name, start_date, end_date, create_date, duration, location, status,training_program_id)
VALUES ('HL23_FR_NET_0', 'HL23 FR NET 0', '2023-12-20', '2024-02-18', '2023-07-30', '4 months', 'HL', 'Inactive', '4');
INSERT INTO class (id, class_name, start_date, end_date, create_date, duration, location, status,training_program_id)
VALUES ('CT21_IN_Java_0', 'CT21 IN Java 0', '2024-05-18', '2024-07-10', '2023-06-07', '4 months', 'CT', 'Planning', '0');
INSERT INTO class (id, class_name, start_date, end_date, create_date, duration, location, status,training_program_id)
VALUES ('CT24_FR_Java_0', 'CT24 FR Java 0', '2023-12-05', '2024-02-03', '2023-08-06', '3 months', 'CT', 'Inactive', '2');
INSERT INTO class (id, class_name, start_date, end_date, create_date, duration, location, status,training_program_id)
VALUES ('HL21_FR_DevOps_0', 'HL21 FR DevOps 0', '2024-07-19', '2024-09-15', '2024-02-05', '3 months', 'HL', 'Planning', '11');
INSERT INTO class (id, class_name, start_date, end_date, create_date, duration, location, status,training_program_id)
VALUES ('DN24_IN_DevOps_0', 'DN24 IN DevOps 0', '2024-02-14', '2024-04-06', '2024-01-08', '3 months', 'DN', 'Complete', '9');
INSERT INTO class (id, class_name, start_date, end_date, create_date, duration, location, status,training_program_id)
VALUES ('DN21_FR_Linux_0', 'DN21 FR Linux 0', '2024-07-08', '2024-09-04', '2023-06-27', '3 months', 'DN', 'Planning', '7');
INSERT INTO class (id, class_name, start_date, end_date, create_date, duration, location, status,training_program_id)
VALUES ('CT24_IN_DevOps_0', 'CT24 IN DevOps 0', '2024-01-13', '2024-03-13', '2023-09-10', '4 months', 'CT', 'Active', '9');
INSERT INTO class (id, class_name, start_date, end_date, create_date, duration, location, status,training_program_id)
VALUES ('HCM24_IN_Linux_0', 'HCM24 IN Linux 0', '2024-01-13', '2024-03-05', '2023-08-24', '4 months', 'HCM', 'Inactive', '8');
INSERT INTO class (id, class_name, start_date, end_date, create_date, duration, location, status,training_program_id)
VALUES ('CT21_FR_NET_0', 'CT21 FR NET 0', '2024-07-26', '2024-09-24', '2023-12-25', '4 months', 'CT', 'Planning', '5');
INSERT INTO class (id, class_name, start_date, end_date, create_date, duration, location, status,training_program_id)
VALUES ('HL21_IN_Linux_0', 'HL21 IN Linux 0', '2024-05-04', '2024-07-01', '2023-12-08', '3 months', 'HL', 'Planning', '7');
INSERT INTO class (id, class_name, start_date, end_date, create_date, duration, location, status,training_program_id)
VALUES ('CT22_FR_Linux_0', 'CT22 FR Linux 0', '2024-01-16', '2024-03-06', '2024-03-10', '3 months', 'CT', 'Active', '7');
INSERT INTO class (id, class_name, start_date, end_date, create_date, duration, location, status,training_program_id)
VALUES ('HCM22_FR_DevOps_0', 'HCM22 FR DevOps 0', '2023-12-20', '2024-02-08', '2024-01-28', '4 months', 'HCM', 'Inactive', '11');
INSERT INTO class (id, class_name, start_date, end_date, create_date, duration, location, status,training_program_id)
VALUES ('DN22_IN_NET_0', 'DN22 IN NET 0', '2024-02-19', '2024-04-15', '2024-02-03', '4 months', 'DN', 'Inactive', '4');
INSERT INTO class (id, class_name, start_date, end_date, create_date, duration, location, status,training_program_id)
VALUES ('HCM24_FR_Java_0', 'HCM24 FR Java 0', '2024-05-21', '2024-07-20', '2023-11-17', '3 months', 'HCM', 'Planning', '1');
INSERT INTO class (id, class_name, start_date, end_date, create_date, duration, location, status,training_program_id)
VALUES ('HL22_IN_DevOps_0', 'HL22 IN DevOps 0', '2024-07-21', '2024-09-10', '2023-06-22', '4 months', 'HL', 'Planning', '10');
INSERT INTO class (id, class_name, start_date, end_date, create_date, duration, location, status,training_program_id)
VALUES ('HCM22_IN_NET_0', 'HCM22 IN NET 0', '2024-01-29', '2024-03-29', '2024-02-11', '3 months', 'HCM', 'Inactive', '3');
INSERT INTO class (id, class_name, start_date, end_date, create_date, duration, location, status,training_program_id)
VALUES ('CT23_FR_Linux_0', 'CT23 FR Linux 0', '2023-12-13', '2024-02-10', '2024-03-19', '4 months', 'CT', 'Inactive', '8');
INSERT INTO class (id, class_name, start_date, end_date, create_date, duration, location, status,training_program_id)
VALUES ('CT25_IN_Java_0', 'CT25 IN Java 0', '2023-12-06', '2024-02-01', '2023-07-11', '4 months', 'CT', 'Complete', '0');
INSERT INTO student_class (attending_status, method, class_id,student_id, certification_date, certification_status, final_score, gpa_level, result)
VALUES ('Reserve','Online','HL23_FR_NET_0','1c8425fd-ef42-46b8-a2a4-273a5d144d97',null,null,null,null,null);
INSERT INTO student_class (attending_status, method, class_id,student_id, certification_date, certification_status, final_score, gpa_level, result)
VALUES ('Dropout','Online','CT25_IN_DevOps_0','4479badb-de18-4316-a529-996bf567518e',null,null,null,null,null);
INSERT INTO student_class (attending_status, method, class_id,student_id, certification_date, certification_status, final_score, gpa_level, result)
VALUES ('In class','Online','HL23_FR_NET_0','654cf8ce-ace7-4130-917b-98dc8edcadad',null,null,null,null,null);
INSERT INTO student_class (attending_status, method, class_id,student_id, certification_date, certification_status, final_score, gpa_level, result)
VALUES ('Dropout','Offline','HL21_FR_DevOps_0','27d2a7af-f1a7-451a-abae-5894590ac57a',null,null,null,null,null);
INSERT INTO student_class (attending_status, method, class_id,student_id, certification_date, certification_status, final_score, gpa_level, result)
VALUES ('In class','Online','HL21_FR_DevOps_0','6a41b6ed-796a-448a-a8d2-6bc4b72ad9be',null,null,null,null,null);
INSERT INTO student_class (attending_status, method, class_id,student_id, certification_date, certification_status, final_score, gpa_level, result)
VALUES ('Reserve','Offline','HCM22_FR_Java_0','c5542f8a-e829-4205-8ac4-eb61ea7da4af',null,null,null,null,null);
INSERT INTO student_class (attending_status, method, class_id,student_id, certification_date, certification_status, final_score, gpa_level, result)
VALUES ('Reserve','Offline','CT25_IN_Java_0','27d2a7af-f1a7-451a-abae-5894590ac57a',null,null,null,null,null);
INSERT INTO student_class (attending_status, method, class_id,student_id, certification_date, certification_status, final_score, gpa_level, result)
VALUES ('Reserve','Online','HL23_FR_Linux_0','da3f121a-68ba-4c08-9012-2b24b80b538a',null,null,null,null,null);
INSERT INTO student_class (attending_status, method, class_id,student_id, certification_date, certification_status, final_score, gpa_level, result)
VALUES ('In class','Offline','CT21_FR_NET_0','c0390216-2556-477c-8367-00beaa830c63',null,null,null,null,null);
INSERT INTO student_class (attending_status, method, class_id,student_id, certification_date, certification_status, final_score, gpa_level, result)
VALUES ('In class','Offline','HCM22_FR_Java_0','8ae464eb-2726-4fab-9bbb-dcca7b6425ea',null,null,null,null,null);
INSERT INTO student_class (attending_status, method, class_id,student_id, certification_date, certification_status, final_score, gpa_level, result)
VALUES ('Dropout','Online','HL21_FR_DevOps_0','a84f5ff3-da8a-428f-95de-bfc0868254ba',null,null,null,null,null);
INSERT INTO student_class (attending_status, method, class_id,student_id, certification_date, certification_status, final_score, gpa_level, result)
VALUES ('Reserve','Offline','HCM22_FR_Java_0','2c873428-a5f4-480e-81a9-17ff6bb31303',null,null,null,null,null);
INSERT INTO student_class (attending_status, method, class_id,student_id, certification_date, certification_status, final_score, gpa_level, result)
VALUES ('Finish','Offline','CT24_FR_NET_0','c0390216-2556-477c-8367-00beaa830c63','2023-10-13','Average','4.32','3.66','Average');
INSERT INTO student_class (attending_status, method, class_id,student_id, certification_date, certification_status, final_score, gpa_level, result)
VALUES ('Reserve','Offline','CT22_FR_Linux_0','02b56502-dda2-4a79-9a7e-8d0ac488a2ab',null,null,null,null,null);
INSERT INTO student_class (attending_status, method, class_id,student_id, certification_date, certification_status, final_score, gpa_level, result)
VALUES ('Dropout','Online','CT25_IN_DevOps_0','b52a7bef-3343-48f0-a31a-2ddc58d770f2',null,null,null,null,null);
INSERT INTO student_class (attending_status, method, class_id,student_id, certification_date, certification_status, final_score, gpa_level, result)
VALUES ('Finish','Offline','HL23_IN_DevOps_0','120f6fc6-d254-432e-8fdc-34ef4a0b165b','2023-07-23','Average','8.92','1.12','Average');
INSERT INTO student_class (attending_status, method, class_id,student_id, certification_date, certification_status, final_score, gpa_level, result)
VALUES ('Finish','Offline','DN23_FR_DevOps_0','d697bda3-0161-4fc7-a2cf-59991fac9d3c','2023-04-20','Excellent','4.91','0.35','Excellent');
INSERT INTO student_class (attending_status, method, class_id,student_id, certification_date, certification_status, final_score, gpa_level, result)
VALUES ('Reserve','Offline','HCM24_FR_Linux_0','f8abd039-c75d-4433-b46d-04bf8002390f',null,null,null,null,null);
INSERT INTO student_class (attending_status, method, class_id,student_id, certification_date, certification_status, final_score, gpa_level, result)
VALUES ('Dropout','Offline','CT25_IN_DevOps_0','c04e7911-d7c6-4045-b70d-c3f28181c602',null,null,null,null,null);
INSERT INTO student_class (attending_status, method, class_id,student_id, certification_date, certification_status, final_score, gpa_level, result)
VALUES ('Dropout','Offline','CT21_FR_NET_0','6a41b6ed-796a-448a-a8d2-6bc4b72ad9be',null,null,null,null,null);
INSERT INTO student_class (attending_status, method, class_id,student_id, certification_date, certification_status, final_score, gpa_level, result)
VALUES ('In class','Online','HCM22_FR_DevOps_0','bcef5e23-8a9a-4f3f-b11c-172ef853b0e2',null,null,null,null,null);
INSERT INTO student_class (attending_status, method, class_id,student_id, certification_date, certification_status, final_score, gpa_level, result)
VALUES ('In class','Offline','HCM24_FR_Linux_0','09cad1db-3d7f-423e-9cea-b23b229b9114',null,null,null,null,null);
INSERT INTO student_class (attending_status, method, class_id,student_id, certification_date, certification_status, final_score, gpa_level, result)
VALUES ('In class','Online','DN24_IN_DevOps_0','b55bbf56-322f-4a2e-a7c6-90cb6447f45a',null,null,null,null,null);
INSERT INTO student_class (attending_status, method, class_id,student_id, certification_date, certification_status, final_score, gpa_level, result)
VALUES ('Dropout','Online','HL23_FR_Linux_0','0334f8cc-c52d-493b-831b-a9c5c77d9168',null,null,null,null,null);
INSERT INTO student_class (attending_status, method, class_id,student_id, certification_date, certification_status, final_score, gpa_level, result)
VALUES ('In class','Online','CT21_IN_Java_0','10f2ea0b-4ff0-4fb2-9928-51ff42727849',null,null,null,null,null);
INSERT INTO student_class (attending_status, method, class_id,student_id, certification_date, certification_status, final_score, gpa_level, result)
VALUES ('Dropout','Online','CT21_FR_NET_0','9754c412-d43b-419a-8f30-19079db8ac42',null,null,null,null,null);
INSERT INTO student_class (attending_status, method, class_id,student_id, certification_date, certification_status, final_score, gpa_level, result)
VALUES ('In class','Online','CT23_IN_DevOps_0','fda00fff-75fc-4cff-bf62-97b8fdccecc6',null,null,null,null,null);
INSERT INTO student_class (attending_status, method, class_id,student_id, certification_date, certification_status, final_score, gpa_level, result)
VALUES ('Finish','Offline','HCM24_FR_Linux_0','a08f8e4a-a17b-4fa7-80e1-ce6f025e705b','2023-07-24','Excellent','0.54','1.49','Excellent');
INSERT INTO student_class (attending_status, method, class_id,student_id, certification_date, certification_status, final_score, gpa_level, result)
VALUES ('Finish','Offline','HCM22_FR_Java_0','b52a7bef-3343-48f0-a31a-2ddc58d770f2','2023-04-10','Excellent','5.2','0.74','Excellent');
INSERT INTO student_class (attending_status, method, class_id,student_id, certification_date, certification_status, final_score, gpa_level, result)
VALUES ('Reserve','Online','CT24_IN_Java_0','bcef5e23-8a9a-4f3f-b11c-172ef853b0e2',null,null,null,null,null);
INSERT INTO student_class (attending_status, method, class_id,student_id, certification_date, certification_status, final_score, gpa_level, result)
VALUES ('Finish','Online','CT23_FR_Linux_0','120f6fc6-d254-432e-8fdc-34ef4a0b165b','2023-12-23','Average','3.69','2.94','Average');
INSERT INTO student_class (attending_status, method, class_id,student_id, certification_date, certification_status, final_score, gpa_level, result)
VALUES ('In class','Online','HL21_FR_DevOps_0','09cad1db-3d7f-423e-9cea-b23b229b9114',null,null,null,null,null);
INSERT INTO student_class (attending_status, method, class_id,student_id, certification_date, certification_status, final_score, gpa_level, result)
VALUES ('Finish','Offline','CT22_FR_Linux_0','4479badb-de18-4316-a529-996bf567518e','2023-12-08','Average','2.86','0.92','Average');
INSERT INTO student_class (attending_status, method, class_id,student_id, certification_date, certification_status, final_score, gpa_level, result)
VALUES ('Reserve','Online','HCM24_FR_Java_0','577e4956-d6c1-4134-9873-c8fdc76fdbd4',null,null,null,null,null);
INSERT INTO student_class (attending_status, method, class_id,student_id, certification_date, certification_status, final_score, gpa_level, result)
VALUES ('Reserve','Online','DN21_FR_Linux_0','da3f121a-68ba-4c08-9012-2b24b80b538a',null,null,null,null,null);
INSERT INTO student_class (attending_status, method, class_id,student_id, certification_date, certification_status, final_score, gpa_level, result)
VALUES ('Dropout','Offline','HL23_IN_DevOps_0','40b0159b-8c76-454b-8f99-60a54455cb9f',null,null,null,null,null);
INSERT INTO student_class (attending_status, method, class_id,student_id, certification_date, certification_status, final_score, gpa_level, result)
VALUES ('Reserve','Offline','HCM24_FR_Java_0','a08f8e4a-a17b-4fa7-80e1-ce6f025e705b',null,null,null,null,null);
INSERT INTO student_class (attending_status, method, class_id,student_id, certification_date, certification_status, final_score, gpa_level, result)
VALUES ('Reserve','Offline','CT23_FR_Linux_0','0334f8cc-c52d-493b-831b-a9c5c77d9168',null,null,null,null,null);
INSERT INTO student_class (attending_status, method, class_id,student_id, certification_date, certification_status, final_score, gpa_level, result)
VALUES ('Dropout','Online','HL23_FR_NET_0','da3f121a-68ba-4c08-9012-2b24b80b538a',null,null,null,null,null);
INSERT INTO student_class (attending_status, method, class_id,student_id, certification_date, certification_status, final_score, gpa_level, result)
VALUES ('Reserve','Online','HL21_FR_DevOps_0','7187f206-b6e9-4e54-8372-c667342845ab',null,null,null,null,null);
INSERT INTO student_class (attending_status, method, class_id,student_id, certification_date, certification_status, final_score, gpa_level, result)
VALUES ('Reserve','Offline','HL23_IN_DevOps_0','e8c8cf28-47d6-49dc-b814-8d6b6c733ec0',null,null,null,null,null);
INSERT INTO student_class (attending_status, method, class_id,student_id, certification_date, certification_status, final_score, gpa_level, result)
VALUES ('Finish','Online','CT23_FR_Linux_0','4479badb-de18-4316-a529-996bf567518e','2023-07-01','Excellent','5.29','1.66','Excellent');
INSERT INTO student_class (attending_status, method, class_id,student_id, certification_date, certification_status, final_score, gpa_level, result)
VALUES ('Dropout','Offline','CT24_FR_NET_0','09cad1db-3d7f-423e-9cea-b23b229b9114',null,null,null,null,null);
INSERT INTO student_class (attending_status, method, class_id,student_id, certification_date, certification_status, final_score, gpa_level, result)
VALUES ('Dropout','Online','DN23_IN_Java_0','09cad1db-3d7f-423e-9cea-b23b229b9114',null,null,null,null,null);
INSERT INTO student_class (attending_status, method, class_id,student_id, certification_date, certification_status, final_score, gpa_level, result)
VALUES ('Reserve','Offline','DN23_FR_DevOps_0','b55bbf56-322f-4a2e-a7c6-90cb6447f45a',null,null,null,null,null);
INSERT INTO student_class (attending_status, method, class_id,student_id, certification_date, certification_status, final_score, gpa_level, result)
VALUES ('In class','Offline','DN23_IN_Java_0','5e9a9798-fb5b-4b28-9a4d-0573a7a971dc',null,null,null,null,null);
INSERT INTO student_class (attending_status, method, class_id,student_id, certification_date, certification_status, final_score, gpa_level, result)
VALUES ('Reserve','Online','HCM25_FR_DevOps_0','fda00fff-75fc-4cff-bf62-97b8fdccecc6',null,null,null,null,null);
INSERT INTO student_class (attending_status, method, class_id,student_id, certification_date, certification_status, final_score, gpa_level, result)
VALUES ('Finish','Online','HL23_FR_Linux_0','27d2a7af-f1a7-451a-abae-5894590ac57a','2023-07-29','Average','9.55','3.92','Average');
INSERT INTO student_class (attending_status, method, class_id,student_id, certification_date, certification_status, final_score, gpa_level, result)
VALUES ('Reserve','Online','CT24_FR_NET_0','0334f8cc-c52d-493b-831b-a9c5c77d9168',null,null,null,null,null);
INSERT INTO student_class (attending_status, method, class_id,student_id, certification_date, certification_status, final_score, gpa_level, result)
VALUES ('In class','Offline','CT24_IN_DevOps_0','703ff1b6-16af-4618-9e8f-136e66458a7d',null,null,null,null,null);
INSERT INTO student_class (attending_status, method, class_id,student_id, certification_date, certification_status, final_score, gpa_level, result)
VALUES ('Finish','Online','CT21_IN_Java_0','6a458c89-7b9c-44ae-ad76-3897515e98c4','2023-06-05','Average','9.93','1.54','Average');
INSERT INTO student_class (attending_status, method, class_id,student_id, certification_date, certification_status, final_score, gpa_level, result)
VALUES ('Reserve','Offline','HCM24_FR_Linux_0','fa8ae960-cd19-49bc-af65-8c57013cf88e',null,null,null,null,null);
INSERT INTO student_class (attending_status, method, class_id,student_id, certification_date, certification_status, final_score, gpa_level, result)
VALUES ('Reserve','Online','CT21_FR_NET_0','a98f87b8-b07a-4de8-9afa-cb6feb3f893f',null,null,null,null,null);
INSERT INTO student_class (attending_status, method, class_id,student_id, certification_date, certification_status, final_score, gpa_level, result)
VALUES ('Reserve','Online','HL22_IN_DevOps_0','40b0159b-8c76-454b-8f99-60a54455cb9f',null,null,null,null,null);
INSERT INTO student_class (attending_status, method, class_id,student_id, certification_date, certification_status, final_score, gpa_level, result)
VALUES ('Reserve','Online','CT25_IN_DevOps_0','fa8ae960-cd19-49bc-af65-8c57013cf88e',null,null,null,null,null);
INSERT INTO student_class (attending_status, method, class_id,student_id, certification_date, certification_status, final_score, gpa_level, result)
VALUES ('In class','Offline','HL21_FR_DevOps_0','09cad1db-3d7f-423e-9cea-b23b229b9114',null,null,null,null,null);
INSERT INTO student_class (attending_status, method, class_id,student_id, certification_date, certification_status, final_score, gpa_level, result)
VALUES ('Dropout','Online','CT23_IN_DevOps_0','7187f206-b6e9-4e54-8372-c667342845ab',null,null,null,null,null);
INSERT INTO student_class (attending_status, method, class_id,student_id, certification_date, certification_status, final_score, gpa_level, result)
VALUES ('Dropout','Offline','HCM24_FR_Java_0','5e9a9798-fb5b-4b28-9a4d-0573a7a971dc',null,null,null,null,null);
INSERT INTO student_class (attending_status, method, class_id,student_id, certification_date, certification_status, final_score, gpa_level, result)
VALUES ('Reserve','Offline','DN21_FR_Linux_0','b55bbf56-322f-4a2e-a7c6-90cb6447f45a',null,null,null,null,null);
INSERT INTO student_class (attending_status, method, class_id,student_id, certification_date, certification_status, final_score, gpa_level, result)
VALUES ('Reserve','Online','CT24_FR_NET_0','fda00fff-75fc-4cff-bf62-97b8fdccecc6',null,null,null,null,null);
INSERT INTO student_class (attending_status, method, class_id,student_id, certification_date, certification_status, final_score, gpa_level, result)
VALUES ('Dropout','Online','CT21_FR_NET_0','27d2a7af-f1a7-451a-abae-5894590ac57a',null,null,null,null,null);
INSERT INTO student_class (attending_status, method, class_id,student_id, certification_date, certification_status, final_score, gpa_level, result)
VALUES ('Reserve','Offline','HL22_IN_DevOps_0','f8abd039-c75d-4433-b46d-04bf8002390f',null,null,null,null,null);
INSERT INTO student_class (attending_status, method, class_id,student_id, certification_date, certification_status, final_score, gpa_level, result)
VALUES ('In class','Online','HCM24_FR_Linux_0','4479badb-de18-4316-a529-996bf567518e',null,null,null,null,null);
INSERT INTO student_class (attending_status, method, class_id,student_id, certification_date, certification_status, final_score, gpa_level, result)
VALUES ('Dropout','Online','DN21_FR_Linux_0','6a458c89-7b9c-44ae-ad76-3897515e98c4',null,null,null,null,null);
INSERT INTO student_class (attending_status, method, class_id,student_id, certification_date, certification_status, final_score, gpa_level, result)
VALUES ('Dropout','Offline','HCM22_FR_DevOps_0','4bd2ece6-264c-44af-bbe7-876068a52fad',null,null,null,null,null);
INSERT INTO student_class (attending_status, method, class_id,student_id, certification_date, certification_status, final_score, gpa_level, result)
VALUES ('Dropout','Offline','DN22_IN_NET_0','4479badb-de18-4316-a529-996bf567518e',null,null,null,null,null);
INSERT INTO student_class (attending_status, method, class_id,student_id, certification_date, certification_status, final_score, gpa_level, result)
VALUES ('Dropout','Offline','CT24_FR_NET_0','b55bbf56-322f-4a2e-a7c6-90cb6447f45a',null,null,null,null,null);
INSERT INTO student_class (attending_status, method, class_id,student_id, certification_date, certification_status, final_score, gpa_level, result)
VALUES ('In class','Online','CT22_FR_Linux_0','a98f87b8-b07a-4de8-9afa-cb6feb3f893f',null,null,null,null,null);
INSERT INTO student_class (attending_status, method, class_id,student_id, certification_date, certification_status, final_score, gpa_level, result)
VALUES ('Finish','Online','CT24_FR_Java_0','c04e7911-d7c6-4045-b70d-c3f28181c602','2023-08-02','Average','1.81','3.99','Average');
INSERT INTO student_class (attending_status, method, class_id,student_id, certification_date, certification_status, final_score, gpa_level, result)
VALUES ('Dropout','Offline','CT21_IN_Java_0','a08f8e4a-a17b-4fa7-80e1-ce6f025e705b',null,null,null,null,null);
INSERT INTO student_class (attending_status, method, class_id,student_id, certification_date, certification_status, final_score, gpa_level, result)
VALUES ('Reserve','Offline','DN21_FR_Linux_0','e8c8cf28-47d6-49dc-b814-8d6b6c733ec0',null,null,null,null,null);
INSERT INTO student_class (attending_status, method, class_id,student_id, certification_date, certification_status, final_score, gpa_level, result)
VALUES ('Dropout','Offline','HCM24_FR_Java_0','4039116c-d2fd-4051-8295-7998059bc1a0',null,null,null,null,null);
INSERT INTO student_class (attending_status, method, class_id,student_id, certification_date, certification_status, final_score, gpa_level, result)
VALUES ('Finish','Offline','HL23_IN_DevOps_0','27d2a7af-f1a7-451a-abae-5894590ac57a','2024-01-18','Excellent','3.3','2.97','Excellent');
INSERT INTO student_class (attending_status, method, class_id,student_id, certification_date, certification_status, final_score, gpa_level, result)
VALUES ('Reserve','Offline','HL21_IN_Linux_0','07f56d6a-8853-491b-b3e8-f1c3ca76ea52',null,null,null,null,null);
INSERT INTO student_class (attending_status, method, class_id,student_id, certification_date, certification_status, final_score, gpa_level, result)
VALUES ('Finish','Offline','HL23_FR_Linux_0','703ff1b6-16af-4618-9e8f-136e66458a7d','2023-04-28','Good','3.87','1.61','Good');
INSERT INTO student_class (attending_status, method, class_id,student_id, certification_date, certification_status, final_score, gpa_level, result)
VALUES ('In class','Online','CT25_IN_DevOps_0','1c8425fd-ef42-46b8-a2a4-273a5d144d97',null,null,null,null,null);
INSERT INTO student_class (attending_status, method, class_id,student_id, certification_date, certification_status, final_score, gpa_level, result)
VALUES ('In class','Online','CT22_FR_Linux_0','be230470-fc0d-4130-b42f-0b0f2807a9af',null,null,null,null,null);
INSERT INTO student_class (attending_status, method, class_id,student_id, certification_date, certification_status, final_score, gpa_level, result)
VALUES ('Finish','Offline','DN23_FR_DevOps_0','bcef5e23-8a9a-4f3f-b11c-172ef853b0e2','2023-04-06','Excellent','2.01','0.42','Excellent');
INSERT INTO student_class (attending_status, method, class_id,student_id, certification_date, certification_status, final_score, gpa_level, result)
VALUES ('Reserve','Offline','HL21_IN_Linux_0','40b0159b-8c76-454b-8f99-60a54455cb9f',null,null,null,null,null);
INSERT INTO student_class (attending_status, method, class_id,student_id, certification_date, certification_status, final_score, gpa_level, result)
VALUES ('Dropout','Online','HCM24_IN_Linux_0','b55bbf56-322f-4a2e-a7c6-90cb6447f45a',null,null,null,null,null);
INSERT INTO student_class (attending_status, method, class_id,student_id, certification_date, certification_status, final_score, gpa_level, result)
VALUES ('Dropout','Offline','CT24_IN_Java_0','2d1d9437-e154-44e4-828a-5d478949e80a',null,null,null,null,null);
INSERT INTO student_class (attending_status, method, class_id,student_id, certification_date, certification_status, final_score, gpa_level, result)
VALUES ('In class','Offline','CT23_IN_DevOps_0','4479badb-de18-4316-a529-996bf567518e',null,null,null,null,null);
INSERT INTO student_class (attending_status, method, class_id,student_id, certification_date, certification_status, final_score, gpa_level, result)
VALUES ('In class','Online','HCM24_FR_Java_0','02b56502-dda2-4a79-9a7e-8d0ac488a2ab',null,null,null,null,null);
INSERT INTO student_class (attending_status, method, class_id,student_id, certification_date, certification_status, final_score, gpa_level, result)
VALUES ('Reserve','Offline','CT24_IN_DevOps_0','d1fc5f7e-8c54-4015-9ed8-81f3eb53161d',null,null,null,null,null);
INSERT INTO student_class (attending_status, method, class_id,student_id, certification_date, certification_status, final_score, gpa_level, result)
VALUES ('Finish','Online','HL23_IN_DevOps_0','27d2a7af-f1a7-451a-abae-5894590ac57a','2023-08-29','Good','4.46','1.86','Good');
INSERT INTO student_class (attending_status, method, class_id,student_id, certification_date, certification_status, final_score, gpa_level, result)
VALUES ('Dropout','Online','CT22_FR_Linux_0','a543530b-82a4-433a-8ad9-0f5a9ddb9dfa',null,null,null,null,null);
INSERT INTO student_class (attending_status, method, class_id,student_id, certification_date, certification_status, final_score, gpa_level, result)
VALUES ('Reserve','Online','HCM24_IN_Linux_0','27d2a7af-f1a7-451a-abae-5894590ac57a',null,null,null,null,null);
INSERT INTO student_class (attending_status, method, class_id,student_id, certification_date, certification_status, final_score, gpa_level, result)
VALUES ('Dropout','Online','HL23_IN_DevOps_0','a08f8e4a-a17b-4fa7-80e1-ce6f025e705b',null,null,null,null,null);
INSERT INTO student_class (attending_status, method, class_id,student_id, certification_date, certification_status, final_score, gpa_level, result)
VALUES ('Reserve','Offline','DN22_IN_NET_0','a08f8e4a-a17b-4fa7-80e1-ce6f025e705b',null,null,null,null,null);
INSERT INTO student_class (attending_status, method, class_id,student_id, certification_date, certification_status, final_score, gpa_level, result)
VALUES ('Reserve','Online','HCM22_FR_Java_0','703ff1b6-16af-4618-9e8f-136e66458a7d',null,null,null,null,null);
INSERT INTO student_class (attending_status, method, class_id,student_id, certification_date, certification_status, final_score, gpa_level, result)
VALUES ('In class','Online','CT24_FR_NET_0','07f56d6a-8853-491b-b3e8-f1c3ca76ea52',null,null,null,null,null);
INSERT INTO student_class (attending_status, method, class_id,student_id, certification_date, certification_status, final_score, gpa_level, result)
VALUES ('In class','Online','CT23_FR_Linux_0','d1fc5f7e-8c54-4015-9ed8-81f3eb53161d',null,null,null,null,null);
INSERT INTO student_class (attending_status, method, class_id,student_id, certification_date, certification_status, final_score, gpa_level, result)
VALUES ('In class','Online','CT23_IN_DevOps_0','165367f4-ff65-4550-a65c-64169f6729c9',null,null,null,null,null);
INSERT INTO student_class (attending_status, method, class_id,student_id, certification_date, certification_status, final_score, gpa_level, result)
VALUES ('Reserve','Offline','CT21_FR_NET_0','c0390216-2556-477c-8367-00beaa830c63',null,null,null,null,null);
INSERT INTO student_class (attending_status, method, class_id,student_id, certification_date, certification_status, final_score, gpa_level, result)
VALUES ('Dropout','Online','CT23_IN_DevOps_0','e8c8cf28-47d6-49dc-b814-8d6b6c733ec0',null,null,null,null,null);
INSERT INTO student_class (attending_status, method, class_id,student_id, certification_date, certification_status, final_score, gpa_level, result)
VALUES ('Dropout','Offline','DN23_IN_Java_0','b55bbf56-322f-4a2e-a7c6-90cb6447f45a',null,null,null,null,null);
INSERT INTO student_class (attending_status, method, class_id,student_id, certification_date, certification_status, final_score, gpa_level, result)
VALUES ('Reserve','Online','CT24_FR_Java_0','e8c8cf28-47d6-49dc-b814-8d6b6c733ec0',null,null,null,null,null);
INSERT INTO student_class (attending_status, method, class_id,student_id, certification_date, certification_status, final_score, gpa_level, result)
VALUES ('Dropout','Online','DN23_IN_Java_0','a47ac12e-fc65-4d44-9729-c3389c1ca59b',null,null,null,null,null);
INSERT INTO student_class (attending_status, method, class_id,student_id, certification_date, certification_status, final_score, gpa_level, result)
VALUES ('Reserve','Offline','CT22_FR_Linux_0','5e9a9798-fb5b-4b28-9a4d-0573a7a971dc',null,null,null,null,null);
INSERT INTO student_class (attending_status, method, class_id,student_id, certification_date, certification_status, final_score, gpa_level, result)
VALUES ('In class','Offline','HL23_IN_DevOps_0','722ed8c1-b07f-4557-bfcd-e0c80f0f9a2b',null,null,null,null,null);
INSERT INTO student_class (attending_status, method, class_id,student_id, certification_date, certification_status, final_score, gpa_level, result)
VALUES ('Dropout','Offline','CT21_FR_NET_0','6a41b6ed-796a-448a-a8d2-6bc4b72ad9be',null,null,null,null,null);
INSERT INTO student_class (attending_status, method, class_id,student_id, certification_date, certification_status, final_score, gpa_level, result)
VALUES ('In class','Offline','DN23_IN_Java_0','27d2a7af-f1a7-451a-abae-5894590ac57a',null,null,null,null,null);
INSERT INTO student_class (attending_status, method, class_id,student_id, certification_date, certification_status, final_score, gpa_level, result)
VALUES ('Dropout','Online','CT23_FR_Linux_0','9754c412-d43b-419a-8f30-19079db8ac42',null,null,null,null,null);
INSERT INTO student_class (attending_status, method, class_id,student_id, certification_date, certification_status, final_score, gpa_level, result)
VALUES ('Finish','Online','HL23_FR_NET_0','fda00fff-75fc-4cff-bf62-97b8fdccecc6','2023-09-11','Excellent','3.44','2.01','Excellent');
INSERT INTO student_class (attending_status, method, class_id,student_id, certification_date, certification_status, final_score, gpa_level, result)
VALUES ('Reserve','Online','CT24_IN_Java_0','4039116c-d2fd-4051-8295-7998059bc1a0',null,null,null,null,null);
INSERT INTO student_class (attending_status, method, class_id,student_id, certification_date, certification_status, final_score, gpa_level, result)
VALUES ('Reserve','Online','CT24_FR_NET_0','be230470-fc0d-4130-b42f-0b0f2807a9af',null,null,null,null,null);
INSERT INTO student_class (attending_status, method, class_id,student_id, certification_date, certification_status, final_score, gpa_level, result)
VALUES ('Reserve','Online','DN22_IN_NET_0','a08f8e4a-a17b-4fa7-80e1-ce6f025e705b',null,null,null,null,null);
INSERT INTO student_class (attending_status, method, class_id,student_id, certification_date, certification_status, final_score, gpa_level, result)
VALUES ('Dropout','Offline','CT24_IN_Java_0','577e4956-d6c1-4134-9873-c8fdc76fdbd4',null,null,null,null,null);
INSERT INTO student_class (attending_status, method, class_id,student_id, certification_date, certification_status, final_score, gpa_level, result)
VALUES ('Finish','Online','CT23_IN_DevOps_0','39ff25d9-f835-4782-b8b4-783be5a8cead','2023-12-13','Average','8.18','1.37','Average');
INSERT INTO student_class (attending_status, method, class_id,student_id, certification_date, certification_status, final_score, gpa_level, result)
VALUES ('In class','Offline','CT24_IN_Java_0','a47ac12e-fc65-4d44-9729-c3389c1ca59b',null,null,null,null,null);
INSERT INTO student_class (attending_status, method, class_id,student_id, certification_date, certification_status, final_score, gpa_level, result)
VALUES ('Reserve','Online','CT24_IN_DevOps_0','2c873428-a5f4-480e-81a9-17ff6bb31303',null,null,null,null,null);
INSERT INTO student_class (attending_status, method, class_id,student_id, certification_date, certification_status, final_score, gpa_level, result)
VALUES ('Finish','Online','CT22_FR_Linux_0','d697bda3-0161-4fc7-a2cf-59991fac9d3c','2023-10-12','Good','9.56','0.13','Good');
INSERT INTO student_class (attending_status, method, class_id,student_id, certification_date, certification_status, final_score, gpa_level, result)
VALUES ('In class','Offline','HCM24_IN_Linux_0','703ff1b6-16af-4618-9e8f-136e66458a7d',null,null,null,null,null);
INSERT INTO student_class (attending_status, method, class_id,student_id, certification_date, certification_status, final_score, gpa_level, result)
VALUES ('Reserve','Offline','CT25_IN_Java_0','9f5d46fe-2eb4-4d1b-a96b-e8e58c84ae04',null,null,null,null,null);
INSERT INTO student_class (attending_status, method, class_id,student_id, certification_date, certification_status, final_score, gpa_level, result)
VALUES ('Finish','Online','HL23_IN_DevOps_0','7187f206-b6e9-4e54-8372-c667342845ab','2023-05-21','Excellent','0.05','3.28','Excellent');
INSERT INTO student_class (attending_status, method, class_id,student_id, certification_date, certification_status, final_score, gpa_level, result)
VALUES ('Dropout','Online','HL21_IN_Linux_0','a47ac12e-fc65-4d44-9729-c3389c1ca59b',null,null,null,null,null);
INSERT INTO student_class (attending_status, method, class_id,student_id, certification_date, certification_status, final_score, gpa_level, result)
VALUES ('In class','Offline','HCM22_IN_NET_0','9cb1bbdd-6a1f-4d09-bf75-bcf75a264eda',null,null,null,null,null);
INSERT INTO student_class (attending_status, method, class_id,student_id, certification_date, certification_status, final_score, gpa_level, result)
VALUES ('Finish','Online','CT25_IN_Java_0','9f5d46fe-2eb4-4d1b-a96b-e8e58c84ae04','2023-10-08','Average','6.5','0.2','Average');
INSERT INTO student_class (attending_status, method, class_id,student_id, certification_date, certification_status, final_score, gpa_level, result)
VALUES ('In class','Online','CT24_IN_DevOps_0','b55bbf56-322f-4a2e-a7c6-90cb6447f45a',null,null,null,null,null);
INSERT INTO student_class (attending_status, method, class_id,student_id, certification_date, certification_status, final_score, gpa_level, result)
VALUES ('In class','Offline','CT23_IN_DevOps_0','2d1d9437-e154-44e4-828a-5d478949e80a',null,null,null,null,null);
INSERT INTO student_class (attending_status, method, class_id,student_id, certification_date, certification_status, final_score, gpa_level, result)
VALUES ('Finish','Online','DN22_IN_NET_0','be230470-fc0d-4130-b42f-0b0f2807a9af','2023-06-14','Good','4.86','0.26','Good');
INSERT INTO student_class (attending_status, method, class_id,student_id, certification_date, certification_status, final_score, gpa_level, result)
VALUES ('Dropout','Offline','CT24_FR_NET_0','722ed8c1-b07f-4557-bfcd-e0c80f0f9a2b',null,null,null,null,null);
INSERT INTO student_class (attending_status, method, class_id,student_id, certification_date, certification_status, final_score, gpa_level, result)
VALUES ('Reserve','Offline','CT25_IN_Java_0','fa8ae960-cd19-49bc-af65-8c57013cf88e',null,null,null,null,null);
INSERT INTO student_class (attending_status, method, class_id,student_id, certification_date, certification_status, final_score, gpa_level, result)
VALUES ('In class','Offline','HL23_FR_NET_0','40b0159b-8c76-454b-8f99-60a54455cb9f',null,null,null,null,null);
INSERT INTO student_class (attending_status, method, class_id,student_id, certification_date, certification_status, final_score, gpa_level, result)
VALUES ('Dropout','Online','CT24_FR_NET_0','4479badb-de18-4316-a529-996bf567518e',null,null,null,null,null);
INSERT INTO student_class (attending_status, method, class_id,student_id, certification_date, certification_status, final_score, gpa_level, result)
VALUES ('Finish','Online','CT21_IN_Java_0','4479badb-de18-4316-a529-996bf567518e','2024-01-18','Excellent','7.24','1.59','Excellent');
INSERT INTO student_class (attending_status, method, class_id,student_id, certification_date, certification_status, final_score, gpa_level, result)
VALUES ('Finish','Online','CT24_FR_Java_0','02b56502-dda2-4a79-9a7e-8d0ac488a2ab','2024-01-18','Good','4.21','1.69','Good');
INSERT INTO student_class (attending_status, method, class_id,student_id, certification_date, certification_status, final_score, gpa_level, result)
VALUES ('Dropout','Online','HCM25_FR_DevOps_0','fda00fff-75fc-4cff-bf62-97b8fdccecc6',null,null,null,null,null);
INSERT INTO student_class (attending_status, method, class_id,student_id, certification_date, certification_status, final_score, gpa_level, result)
VALUES ('Dropout','Online','HCM25_FR_DevOps_0','c04e7911-d7c6-4045-b70d-c3f28181c602',null,null,null,null,null);
INSERT INTO student_class (attending_status, method, class_id,student_id, certification_date, certification_status, final_score, gpa_level, result)
VALUES ('In class','Offline','HL22_IN_DevOps_0','4479badb-de18-4316-a529-996bf567518e',null,null,null,null,null);
INSERT INTO student_class (attending_status, method, class_id,student_id, certification_date, certification_status, final_score, gpa_level, result)
VALUES ('Reserve','Online','HCM24_FR_Linux_0','a543530b-82a4-433a-8ad9-0f5a9ddb9dfa',null,null,null,null,null);
INSERT INTO student_class (attending_status, method, class_id,student_id, certification_date, certification_status, final_score, gpa_level, result)
VALUES ('In class','Offline','HCM22_FR_Java_0','d1fc5f7e-8c54-4015-9ed8-81f3eb53161d',null,null,null,null,null);
INSERT INTO student_class (attending_status, method, class_id,student_id, certification_date, certification_status, final_score, gpa_level, result)
VALUES ('Dropout','Online','CT25_IN_DevOps_0','d697bda3-0161-4fc7-a2cf-59991fac9d3c',null,null,null,null,null);
INSERT INTO student_class (attending_status, method, class_id,student_id, certification_date, certification_status, final_score, gpa_level, result)
VALUES ('Reserve','Online','CT23_FR_Linux_0','8ae464eb-2726-4fab-9bbb-dcca7b6425ea',null,null,null,null,null);
INSERT INTO student_class (attending_status, method, class_id,student_id, certification_date, certification_status, final_score, gpa_level, result)
VALUES ('Dropout','Offline','DN24_IN_DevOps_0','4bd2ece6-264c-44af-bbe7-876068a52fad',null,null,null,null,null);
INSERT INTO student_class (attending_status, method, class_id,student_id, certification_date, certification_status, final_score, gpa_level, result)
VALUES ('Finish','Online','HL23_IN_DevOps_0','d697bda3-0161-4fc7-a2cf-59991fac9d3c','2023-08-09','Excellent','0.52','0.66','Excellent');
INSERT INTO student_class (attending_status, method, class_id,student_id, certification_date, certification_status, final_score, gpa_level, result)
VALUES ('In class','Offline','CT24_FR_Java_0','09cad1db-3d7f-423e-9cea-b23b229b9114',null,null,null,null,null);
INSERT INTO student_class (attending_status, method, class_id,student_id, certification_date, certification_status, final_score, gpa_level, result)
VALUES ('Dropout','Offline','CT23_IN_DevOps_0','5e9a9798-fb5b-4b28-9a4d-0573a7a971dc',null,null,null,null,null);
INSERT INTO student_class (attending_status, method, class_id,student_id, certification_date, certification_status, final_score, gpa_level, result)
VALUES ('Dropout','Online','CT24_IN_DevOps_0','165367f4-ff65-4550-a65c-64169f6729c9',null,null,null,null,null);
INSERT INTO student_class (attending_status, method, class_id,student_id, certification_date, certification_status, final_score, gpa_level, result)
VALUES ('Dropout','Online','CT24_IN_Java_0','577e4956-d6c1-4134-9873-c8fdc76fdbd4',null,null,null,null,null);
INSERT INTO student_class (attending_status, method, class_id,student_id, certification_date, certification_status, final_score, gpa_level, result)
VALUES ('Finish','Offline','HL23_FR_Linux_0','2c873428-a5f4-480e-81a9-17ff6bb31303','2023-04-05','Good','0.46','3.72','Good');
INSERT INTO student_class (attending_status, method, class_id,student_id, certification_date, certification_status, final_score, gpa_level, result)
VALUES ('Finish','Offline','CT23_IN_DevOps_0','02b56502-dda2-4a79-9a7e-8d0ac488a2ab','2023-05-08','Good','1.03','3.55','Good');
INSERT INTO student_class (attending_status, method, class_id,student_id, certification_date, certification_status, final_score, gpa_level, result)
VALUES ('In class','Online','HL23_FR_Linux_0','6a41b6ed-796a-448a-a8d2-6bc4b72ad9be',null,null,null,null,null);
INSERT INTO student_class (attending_status, method, class_id,student_id, certification_date, certification_status, final_score, gpa_level, result)
VALUES ('Finish','Online','HCM22_FR_DevOps_0','120f6fc6-d254-432e-8fdc-34ef4a0b165b','2023-06-27','Good','7.89','2.94','Good');
INSERT INTO student_class (attending_status, method, class_id,student_id, certification_date, certification_status, final_score, gpa_level, result)
VALUES ('Finish','Offline','HCM22_FR_DevOps_0','9754c412-d43b-419a-8f30-19079db8ac42','2023-06-02','Average','8.94','1.12','Average');
INSERT INTO student_class (attending_status, method, class_id,student_id, certification_date, certification_status, final_score, gpa_level, result)
VALUES ('Finish','Online','DN22_IN_NET_0','39ff25d9-f835-4782-b8b4-783be5a8cead','2024-01-28','Good','3.23','1.78','Good');
INSERT INTO student_class (attending_status, method, class_id,student_id, certification_date, certification_status, final_score, gpa_level, result)
VALUES ('Reserve','Offline','HL21_FR_DevOps_0','b9dd4935-ab52-4015-99bf-b7a035aaa821',null,null,null,null,null);
INSERT INTO student_class (attending_status, method, class_id,student_id, certification_date, certification_status, final_score, gpa_level, result)
VALUES ('Dropout','Online','HL21_FR_DevOps_0','a98f87b8-b07a-4de8-9afa-cb6feb3f893f',null,null,null,null,null);
INSERT INTO student_class (attending_status, method, class_id,student_id, certification_date, certification_status, final_score, gpa_level, result)
VALUES ('In class','Offline','HCM24_FR_Linux_0','c04e7911-d7c6-4045-b70d-c3f28181c602',null,null,null,null,null);
INSERT INTO student_class (attending_status, method, class_id,student_id, certification_date, certification_status, final_score, gpa_level, result)
VALUES ('In class','Offline','HL21_FR_DevOps_0','c0390216-2556-477c-8367-00beaa830c63',null,null,null,null,null);
INSERT INTO reserved_class (end_date, start_date, class_id, student_id)
VALUES ('2024-04-08','2024-05-28','HL23_FR_NET_0','1c8425fd-ef42-46b8-a2a4-273a5d144d97');
INSERT INTO reserved_class (end_date, start_date, class_id, student_id)
VALUES ('2024-03-31','2024-05-22','HCM22_FR_Java_0','c5542f8a-e829-4205-8ac4-eb61ea7da4af');
INSERT INTO reserved_class (end_date, start_date, class_id, student_id)
VALUES ('2024-03-11','2024-05-02','HCM24_IN_Linux_0','27d2a7af-f1a7-451a-abae-5894590ac57a');
INSERT INTO reserved_class (end_date, start_date, class_id, student_id)
VALUES ('2024-04-05','2024-06-04','DN21_FR_Linux_0','da3f121a-68ba-4c08-9012-2b24b80b538a');
INSERT INTO reserved_class (end_date, start_date, class_id, student_id)
VALUES ('2024-04-17','2024-06-07','CT24_IN_DevOps_0','2c873428-a5f4-480e-81a9-17ff6bb31303');
INSERT INTO reserved_class (end_date, start_date, class_id, student_id)
VALUES ('2024-04-11','2024-06-05','CT22_FR_Linux_0','02b56502-dda2-4a79-9a7e-8d0ac488a2ab');
INSERT INTO reserved_class (end_date, start_date, class_id, student_id)
VALUES ('2024-03-11','2024-05-07','HL22_IN_DevOps_0','f8abd039-c75d-4433-b46d-04bf8002390f');
INSERT INTO reserved_class (end_date, start_date, class_id, student_id)
VALUES ('2024-04-18','2024-06-13','CT24_IN_Java_0','bcef5e23-8a9a-4f3f-b11c-172ef853b0e2');
INSERT INTO reserved_class (end_date, start_date, class_id, student_id)
VALUES ('2024-04-08','2024-06-07','HCM24_FR_Java_0','577e4956-d6c1-4134-9873-c8fdc76fdbd4');
INSERT INTO reserved_class (end_date, start_date, class_id, student_id)
VALUES ('2024-04-27','2024-06-16','DN22_IN_NET_0','a08f8e4a-a17b-4fa7-80e1-ce6f025e705b');
INSERT INTO reserved_class (end_date, start_date, class_id, student_id)
VALUES ('2024-05-18','2024-07-15','CT24_FR_NET_0','0334f8cc-c52d-493b-831b-a9c5c77d9168');
INSERT INTO reserved_class (end_date, start_date, class_id, student_id)
VALUES ('2024-03-20','2024-05-14','HL21_FR_DevOps_0','7187f206-b6e9-4e54-8372-c667342845ab');
INSERT INTO reserved_class (end_date, start_date, class_id, student_id)
VALUES ('2024-04-05','2024-06-03','CT24_FR_Java_0','e8c8cf28-47d6-49dc-b814-8d6b6c733ec0');
INSERT INTO reserved_class (end_date, start_date, class_id, student_id)
VALUES ('2024-05-31','2024-07-29','DN21_FR_Linux_0','b55bbf56-322f-4a2e-a7c6-90cb6447f45a');
INSERT INTO reserved_class (end_date, start_date, class_id, student_id)
VALUES ('2024-03-17','2024-05-10','CT24_FR_NET_0','fda00fff-75fc-4cff-bf62-97b8fdccecc6');
INSERT INTO reserved_class (end_date, start_date, class_id, student_id)
VALUES ('2024-05-17','2024-07-16','CT25_IN_Java_0','fa8ae960-cd19-49bc-af65-8c57013cf88e');
INSERT INTO reserved_class (end_date, start_date, class_id, student_id)
VALUES ('2024-05-18','2024-07-14','CT21_FR_NET_0','a98f87b8-b07a-4de8-9afa-cb6feb3f893f');
INSERT INTO reserved_class (end_date, start_date, class_id, student_id)
VALUES ('2024-05-21','2024-07-14','HL21_IN_Linux_0','40b0159b-8c76-454b-8f99-60a54455cb9f');
INSERT INTO reserved_class (end_date, start_date, class_id, student_id)
VALUES ('2024-04-15','2024-06-14','HL21_IN_Linux_0','07f56d6a-8853-491b-b3e8-f1c3ca76ea52');
INSERT INTO reserved_class (end_date, start_date, class_id, student_id)
VALUES ('2024-04-22','2024-06-21','CT24_IN_DevOps_0','d1fc5f7e-8c54-4015-9ed8-81f3eb53161d');
INSERT INTO reserved_class (end_date, start_date, class_id, student_id)
VALUES ('2024-03-26','2024-05-17','HCM22_FR_Java_0','703ff1b6-16af-4618-9e8f-136e66458a7d');
INSERT INTO reserved_class (end_date, start_date, class_id, student_id)
VALUES ('2024-05-02','2024-06-30','CT21_FR_NET_0','c0390216-2556-477c-8367-00beaa830c63');
INSERT INTO reserved_class (end_date, start_date, class_id, student_id)
VALUES ('2024-04-15','2024-06-12','CT22_FR_Linux_0','5e9a9798-fb5b-4b28-9a4d-0573a7a971dc');
INSERT INTO reserved_class (end_date, start_date, class_id, student_id)
VALUES ('2024-03-18','2024-05-12','CT24_IN_Java_0','4039116c-d2fd-4051-8295-7998059bc1a0');
INSERT INTO reserved_class (end_date, start_date, class_id, student_id)
VALUES ('2024-05-07','2024-06-27','CT24_FR_NET_0','be230470-fc0d-4130-b42f-0b0f2807a9af');
INSERT INTO reserved_class (end_date, start_date, class_id, student_id)
VALUES ('2024-05-02','2024-06-23','CT25_IN_Java_0','9f5d46fe-2eb4-4d1b-a96b-e8e58c84ae04');
INSERT INTO reserved_class (end_date, start_date, class_id, student_id)
VALUES ('2024-03-10','2024-05-01','HCM24_FR_Linux_0','a543530b-82a4-433a-8ad9-0f5a9ddb9dfa');
INSERT INTO reserved_class (end_date, start_date, class_id, student_id)
VALUES ('2024-04-04','2024-05-31','CT23_FR_Linux_0','8ae464eb-2726-4fab-9bbb-dcca7b6425ea');
INSERT INTO reserved_class (end_date, start_date, class_id, student_id)
VALUES ('2024-03-18','2024-05-11','HL21_FR_DevOps_0','b9dd4935-ab52-4015-99bf-b7a035aaa821');
COMMIT;